"0-Titolo pagina","1-DataTrek Item",2-HTPaginaID,3-HTSezioneID,4-HTPaginaTag,5-HTPaginaElaboarata,6-HTMAPage,7-HTOriginale,8-HTimdbID,"9-Data stellare"
"Zach Galligan",Q10196,9432,182,galliganzach,2018-05-20T20:34:50,,
"Zach Grenier",Q10197,6362,182,grenierzach,2018-05-20T17:00:34,,
"Zachary Benjamin",Q10198,7385,177,benjaminzachary,2018-05-20T17:00:54,,
"Zachary Krebs",Q10199,6524,186,krebszachary,2018-05-20T17:00:38,,
"Zachary Quinto",Q10200,10648,192,quintozachary,2018-05-20T21:13:02,Zachary_Quinto,
"Zahra Jamal",Q10205,6894,102,jamalzahra,2018-04-22T16:17:32,Zahra,
"Zandra Taitt",Q10214,1845,112,taittzandra,2018-04-22T16:17:13,Taitt,
"Zane Cassidy",Q10215,1006,178,cassidyzane,2018-05-20T16:20:50,,
"Zefram Cochrane",Q10222,2160,95,cochranezefram,2018-04-22T16:17:19,Zefram_Cochrane,
"Zefram Cochrane (specchio)",Q10223,10262,356,micochrane,2018-05-20T22:01:52,,
"Zero Hour",Q10227,2359,17,ent076,2018-04-02T21:04:31,,
"Zim Brott",Q10237,2178,94,brottzim,2018-04-22T16:17:20,Zim_Brott,
"Zoe McLellan",Q10242,1401,188,mclellanzoe,2018-05-20T16:21:02,,
"Zoe Saldana",Q10243,10653,194,saldanazoe,2018-05-20T21:13:02,,
"Zora DeHorter",Q10247,8844,179,dehorterzora,2018-05-20T20:34:41,,