0-Titolo originale,1-DataTrek Item,2-Codice TNG Companion,3-Data di pubblicazione in Italia,4-Data di pubblicazione originale,5-DVD europeo,6-Numero di produzione,7-Regista,8-Regista Q,9-Sceneggiatura,10-Sceneggiatura Q,11-Storia,12-Storia Q,13-Sequenza di trasmissione,14-Stagione,15-Titolo ES,16-Titolo FR,17-Titolo italiano,18-Titolo JP,19-Titolo tedesco,20-VHS britannica,21-Music by,22-Music by Q,23-Precedente,24-Precedente Q,25-Successivo
Contagion,Q2010,cg,1994-12-07,1989-03-20,3,137,Joseph L. Scanlan,Q4635,,,"Beth Woods (woodsbeth),Steve Gerber","Q1189,Q10312",37,2,,Contagion,Contagio,Umoreta Bunmei (Buried Civilization),Die Iconia Sonden (La sonda iconiana),19 (U),Dennis McCarthy,Q2471,The Dauphin,Q9102,Q9234
Timescape,Q9393,tms,1996-07-25,1993-06-14,,251,Adam Nimoy,Q199,,,Brannon Braga,Q1365,151,6,Marco de tiempo,Arrêt sur image,Frammenti di tempo,Jiku Waikyoku-chitai (Spacetime Distortion Area),Gefangen in einem temporären Fragment,76 (PG),Dennis McCarthy,Q2471,Second Chances,Q8117,Q2491
Cause and Effect,Q1657,ce,1995-03-22,1992-03-23,5,218,Jonathan Frakes,Q53,,,Brannon Braga,Q1365,118,5,Causa y efecto,Cause et effet,Circolo chiuso,Kyoufu no Uchu-jikan-renzoku-tai (Terrible Space-time Continuum),Déjà Vu,59 (PG),Dennis McCarthy,Q2471,The Outcast,Q9207,Q9135
Phantasms,Q7154,ph,1997-09-02,1993-10-25,,258,Patrick Stewart,Q7002,,,Brannon Braga,Q1365,158,7,Fantasmas,Cauchemars,Programma: sogno,Senritsu no Dream Program (Terrifying Dream Program),Traumanalyse,79 (PG),Dennis McCarthy,Q2471,Gambit - Part II,Q3310,Q2237
Parallels,Q6954,pa,1997-09-08,1993-11-29,,263,Robert Wiemer,Q7781,,,Brannon Braga,Q1365,163,7,Paralelos,Parallèle,Universi paralleli,Mugen no Parallel World (Infinite Parallel World),Parallelen,82 (U),Dennis McCarthy,Q2471,Inheritance,Q3957,Q9212
"Elementary, Dear Data",Q2805,ed,1994-12-08,1988-12-05,1,129,Rob Bowman,Q7704,,,Brian Alan Lane,Q1398,29,2,"Elemental, querido Data",Elémentaire mon cher Data,"Elementare, caro Data",Hologram Deck no Hangyaku-sha (Rebel in Hologram Deck),Sherlock Data Holmes,15 (U),Dennis McCarthy,Q2471,Where Silence Has Lease,Q10027,Q9208
Clues,Q1957,cl,1995-02-14,1991-02-11,4,188,Les Landau,Q5378,"Joe Menosky,Bruce D. Arthurs","Q4422,Q1460",Bruce D. Arthurs,Q1460,88,4,Pistas,Indices,Indizi,Kuhaku no Ichinichi (A Blank Day),Beweise,44 (PG),Dennis McCarthy,Q2471,Devil's Due,Q2504,Q3137
Hide And Q,Q3778,hq,1992-07-13,1987-11-23,3,111,Cliff Bole,Q1941,Gene Roddenberry,Q3396,C.J. Holland,,10,1,La tentación de Q,Dans la peau de Q,Il ritorno di Q,Shi no Game (Deadly Game),Rikers Versuchung (La tentazione di Riker),5 (PG),Dennis McCarthy,Q2471,The Battle,Q9065,Q3704
Thine Own Self,Q9310,th,1997-09-13,1994-02-14,,268,Winrich Kolbe,Q10098,Ronald D. Moore,Q7854,Christopher Hatton,Q1815,168,7,Tu propio,Contamination,Radioattività,Kioku-soushitsu no Android (Android of Memory Blackout),Radioaktiv,84 (PG),Dennis McCarthy,Q2471,Lower Decks,Q5547,Q6071
Future Imperfect,Q3259,fi,1995-02-07,1990-11-12,2,182,Les Landau,Q5378,,,"David Bennett Carren,J. Larry Carroll","Q2276,Q4029",82,4,Futuro imperfecto,Futur imparfait,Futuro imperfetto,Akumu no Hologram (Hologram of Nightmare),Gedächtnisverlust,41 (PG),Dennis McCarthy,Q2471,Reunion,Q7574,Q3127
Peak Performance,Q7076,pk,1994-12-29,1989-07-10,7,147,Robert Scheerer,Q7770,,,David Kemper,Q2309,47,2,,Jeux de guerre,Una perfetta strategia,Kagirinaki Tatakai (Unlimited Fight),Galavorstellung (Esibizione di gala),24 (PG),Dennis McCarthy,Q2471,The Emissary,Q9115,Q8168
The Enemy,Q9119,en,1995-01-07,1989-11-06,2,155,David Carson,Q2284,,,"David Kemper,Michael Piller","Q2309,Q6295",55,3,El enemigo,L'ennemi,Il nemico,Shukuteki! Romulan Teikoku (Enemy! Romulan Empire),Auf schmalem Grat,28 (PG),Dennis McCarthy,Q2471,Booby Trap,Q1314,Q9217
Encounter at Farpoint,Q2866,ef,1991-06-27,1987-09-28,1,721,Corey Allen,Q2023,,,"Dorothy Catherine Fontana,Gene Roddenberry","Q2641,Q3396","1,2",1,Encuentro en Farpoint,Rendez-vous à Farpoint,Incontro a Farpoint,Michi eno Hishou (Flight to Unknown),Der Mächtige Mission Farpoint,1 (U),Dennis McCarthy,Q2471,''Nessuno'',,Q9194
Yesterday's Enterprise,Q10167,ye,1995-01-16,1990-02-19,4,163,David Carson,Q2284,"Ira Steven Behr,Hans Beimler,Richard Manning,Ronald D. Moore","Q3982,Q3651,Q7635,Q7854","Eric A. Stillwell,Trent Christopher Ganino","Q2910,Q9615",63,3,El <i>Enterprise</i> del ayer,L'<i>Entreprise</i> viendra d'hier,L'<i>Enterprise</i> del passato,Bourei-senkan <i>Enterprise</i> 'C' (Ghost Warship <i> Enterprise</i> 'C'),Die alte Enterprise,32 (PG),Dennis McCarthy,Q2471,A Matter of Perspective,Q114,Q9204
Man of the People,Q5868,mn,1996-06-29,1992-10-05,,229,Winrich Kolbe,Q10098,,,Frank Abatemarco,Q3200,129,6,El mediador,Le tribun,Il prezzo della pace,Seimei Link Telepathy (Life Link Telepathy),Der unmoralische Friedensvermittler,65 (PG),Dennis McCarthy,Q2471,Realm of Fear,Q7479,Q7528
Pen Pals,Q7091,pp,1994-12-22,1989-05-01,4,141,Winrich Kolbe,Q10098,Melinda M. Snodgrass,,Hannah Louise Shearer,Q3645,41,2,,Correspondance,Amici per la pelle,Michi-naru Messege (Unknown Message),Brieffreunde (Amici di penna),21 (U),Dennis McCarthy,Q2471,The Icarus Factor,Q9153,Q7321
The Schizoid Man,Q9236,sm,1994-12-05,1989-01-23,2,131,Les Landau,Q5378,Tracy Tormé,Q9565,"Hans Beimler,Richard Manning",,32,2,El hombre esquizoide,Double personalité,L'uomo schizoide,Mugon no Choutei-sha (Silent Mediator),Das fremde Gedächtnis (La memoria aliena),16 (U),Dennis McCarthy,Q2471,Loud as a Whisper,Q5533,Q9730
The Loss,Q9172,ls,1995-02-09,1990-12-31,3,184,Chip Chalmers,Q1764,"Hilary J. Bader,Vanessa Greene,Alan J. Alder","Q3783,Q9790,Q251",Hilary J. Bader,Q3783,84,4,La pérdida,La perte,La perdita,Ushinawareta Telepathy (Lost Telepathy),Das kosmische Band,42 (U),Dennis McCarthy,Q2471,Final Mission,Q3127,Q2255
Captain's Holiday,Q1569,cp,1995-01-20,1990-04-02,5,167,Chip Chalmers,Q1764,,,Ira Steven Behr,Q3982,67,3,Las vacaciones del capitán,Les vacances du capitaine,Le vacanze del capitano,Oinaru Holiday (Great Holiday),Picard macht Urlaub,34 (U),Dennis McCarthy,Q2471,Allegiance,Q347,Q9408
QPid,Q7339,qp,1995-02-21,1991-04-22,5,194,Cliff Bole,Q1941,Ira Steven Behr,Q3982,"Ira Steven Behr,Randee Russell","Q3982,Q7436",94,4,Cupido,Qpidon,Q-Pido,QPID,Gefangen in der Vergangenheit,47 (U),Dennis McCarthy,Q2471,The Nth Degree,Q9203,Q9114
Sarek (episodio),Q8029,sa,1995-01-25,1990-05-14,6,171,Les Landau,Q5378,Peter S. Beagle,Q7144,"Jake Jacobs,Mark Cushman","Q4090,Q5961",71,3,Sarek,Sarek,Sarek,Eiyu Shoukou-gun (Hero Syndrome),Botschafter Sarek,36 (U),Dennis McCarthy,Q2471,The Most Toys,Q9190,Q6191
Liaisons,Q5412,li,1997-08-28,1993-09-27,,254,Cliff Bole,Q1941,Jeanne Carrigan-Fauci,Q4240,"Jaq Greenspon,Roger Eschbacher","Q4188,Q7814",154,7,Medios de comunicación,Liaisons,Diplomazia spaziale,Iyaar-sei no Shisha (Emissary from Iyaar),Indiskretionen,77 (PG),Dennis McCarthy,Q2471,Descent - Part II,Q2492,Q3971
Time's Arrow - Part II,Q9378,t2,1996-06-27,1992-09-21,,227,Les Landau,Q5378,Jeri Taylor,Q4318,Joe Menosky,Q4422,127,6,"La flecha del tiempo, parte II",La flèche du temps II,Un mistero dal passato - Seconda parte,Time Slip Alien,Gefahr aus dem 19. Jahrhundert II,64 (PG),Dennis McCarthy,Q2471,Time's Arrow - Part I,Q9377,Q7479
Time's Arrow - Part I,Q9377,ta,1996-06-26,1992-06-15,7,226,Les Landau,Q5378,"Michael Piller,Joe Menosky","Q6295,Q4422",Joe Menosky,Q4422,126,5,"La flecha del tiempo, parte I",La flèche du temps I,Un mistero dal passato - Prima parte,Time Slip Alien,Gefahr aus dem 19. Jahrhundert I,63 (PG),Dennis McCarthy,Q2471,The Inner Light,Q9158,Q9378
Legacy (tng080),Q5331,le,1995-02-06,1990-10-29,2,180,Robert Scheerer,Q7770,,,Joe Menosky,Q4422,80,4,El legado,Héritage,Sorelle,Kakumei-senshi Ishara Yar (Revolution Warrior Ishara Yar),Die Rettungsoperation,40 (U),Dennis McCarthy,Q2471,Remember Me,Q7534,Q7574
Masks,Q6071,mk,1997-09-15,1994-02-21,,269,Robert Wiemer,Q7781,,,Joe Menosky,Q4422,169,7,Máscaras,Masques,Maschere,Taju-jinkaku Android (Multiple Personality Android),Der Komet,85 (U),Dennis McCarthy,Q2471,Thine Own Self,Q9310,Q3037
Suspicions,Q8740,su,1996-07-22,1993-05-10,,248,Cliff Bole,Q1941,,,"Joe Menosky,Naren Shankar","Q4422,Q6571",148,6,Sospechas,Soupçons,Sospetti,Shin Akukan Technology Chou-phase Shield (New Subspace Technology Metaphasic Shields),Verdächtigungen,74 (PG),Dennis McCarthy,Q2471,Frame of Mind,Q3187,Q7679
Unnatural Selection,Q9730,us,1994-12-13,1989-01-30,2,133,Paul Lynch,Q7029,,,"John Mason,Mike Gray","Q4535,Q6367",33,2,Selección no natural,Sélection contre nature,Selezione innaturale,DNA,Die jungen Greise (I vecchi giovani),17 (PG),Dennis McCarthy,Q2471,The Schizoid Man,Q9236,Q113
The Child,Q9082,tc,1994-12-06,1988-11-21,1,127,Rob Bowman,Q7704,,,"Jon Povill,Maurice Hurley,Jaron Summers","Q4599,Q6102,Q4198",27,2,El niño,L'enfant,Il bambino,Hikari kara Umareta Seimei (Life Born from Light),Das Kind (Il bambino),14 (PG),Dennis McCarthy,Q2471,The Neutral Zone,Q9196,Q10027
Time Squared,Q9375,tm,1994-12-20,1989-04-03,4,139,Joseph L. Scanlan,Q4635,Maurice Hurley,Q6102,Kurt Michael Bensmiller,Q5174,39,2,,Boucle temporelle,Tempo al quadrato,Senritsu no Mirai (Terrifying Future),Die Zukunft schweigt (Il futuro tace),20 (PG),Dennis McCarthy,Q2471,The Royale,Q9234,Q9153
Remember Me,Q7534,rm,1995-02-04,1990-10-22,2,179,Cliff Bole,Q1941,,,Lee Sheldon,Q5324,79,4,Recuérdame,Souvenez- vous de moi,Ricordatemi,Kyoufu no Warp Bubble (Terrible Warp Bubble),Das Experiment,40 (U),Dennis McCarthy,Q2471,Suddenly Human,Q8699,Q5331
Firstborn,Q3140,fb,1997-09-19,1994-04-25,,273,Jonathan West,Q4615,René Echevarria,,Mark Kalbfeld,Q5975,173,7,El primogénito,Le premier rite,Alexander,Klingon-senshi eno Michi (Way to Klingon Warrior),Ritus des Aufsteigens,87,Dennis McCarthy,Q2471,Journey's End,Q4657,Q1270
The Ensigns of Command,Q9121,ec,1994-12-31,1989-10-02,1,149,Cliff Bole,Q1941,,,Melinda M. Snodgrass,Q6174,50,3,La señas del mando,Prise de commandement,Le insegne del comando,Imin no Uta (Song of Emigrant),Die Macht der Paragraphen,25 (PG),Dennis McCarthy,Q2471,Evolution,Q3025,Q9257
The Measure of a Man,Q9185,mm,1994-12-15,1989-02-13,3,135,Robert Scheerer,Q7770,,,Melinda M. Snodgrass,Q6174,35,2,La medida de un hombre,Etre ou ne pas être,La misura di un uomo,Ningen no Joken (Term of Man),Wem gehört Data? (Di chi è Data?),18 (PG),Dennis McCarthy,Q2471,A Matter of Honor,Q113,Q9102
Second Chances,Q8117,sd,1996-07-24,1993-05-24,,250,LeVar Burton,Q5403,René Echevarria,,Michael A. Medlock,Q6227,150,6,Segunda oportunidad,Deuxième chance,Duplicato,Mou-hitori no William Riker (Another William Riker),Riker : 2 = ?,75 (PG),Dennis McCarthy,Q2471,Rightful Heir,Q7679,Q9393
Rascals,Q7452,ra,1996-07-04,1992-11-02,,233,Adam Nimoy,Q199,Allison Hock,Q351,"Michael Piller,Ward Botsford,Diana Dru Botsford","Q6295,Q9984,Q2517",133,6,Picaros,Les petites canailles,Giovani eroi,Shounen-Shikikan Jean-Luc Picard (Boy Command Jean-Luc Picard),Erwachsene Kinder,67 (U),Dennis McCarthy,Q2471,True Q,Q9652,Q110
The Survivors,Q9257,sv,1995-01-03,1989-10-09,1,151,Les Landau,Q5378,,,Michael Wagner,Q6313,51,3,Los supervivientes,Les survivants,I sopravvissuti,Itoshiki Hito no Tame ni (For Lover),Überlebenden von Rana Vier,26 (U),Dennis McCarthy,Q2471,The Ensigns of Command,Q9121,Q10035
The Host,Q9150,ho,1995-02-24,1991-05-13,6,197,Marvin V. Rush,Q6048,,,Michel Horvat,Q6326,97,4,El huesped,L'hôte,L'ospite,"Ai no Keshin Odan (Avater of Love, Odan)","Odan, der Sonderbotschafter",49 (PG),Dennis McCarthy,Q2471,Half a Life,Q3628,Q9187
The Quality of Life,Q9221,ql,1996-07-06,1992-11-16,,235,Jonathan Frakes,Q53,,,Naren Shankar,Q6571,135,6,Capacidad de vida,Vie et mort d'un Exocomp,Il sapore della vita,Kikai-jikake no Chisana Seimei (Mechanical Small Life),Datas Hypothese,68 (U),Dennis McCarthy,Q2471,A Fistful of Datas,Q110,Q1682
Force of Nature,Q3177,fn,1997-09-05,1993-11-15,,261,Robert Lederman,Q7754,,,Naren Shankar,Q6571,161,7,La fuerza de la naturaleza,Quand la nature reprend son droit,Inquinamento spaziale,Kiken-na Warp Energy (Dangerous Warp Energy),Die Raumkatastrophe,81 (U),Dennis McCarthy,Q2471,Attached,Q900,Q3957
Attached,Q900,at,1997-09-04,1993-11-08,,260,Jonathan Frakes,Q53,,,Nicholas Sagan,Q6680,160,7,Unidos,Les enchaînés,Uniti,Konmei no Wakusei Kesprytt (Confusing Planet Kesprytt),Kontakte,80 (U),Dennis McCarthy,Q2471,Dark Page,Q2237,Q3177
Bloodlines,Q1270,bl,1997-09-20,1994-05-02,,274,Les Landau,Q5378,,,Nicholas Sagan,Q6680,174,7,Líneas de sangre,Les liens du sang,La vendetta di Bok,Onshu no Kanata ni (Beyond Rancor),Boks Vergeltung,87 (PG),Dennis McCarthy,Q2471,Firstborn,Q3140,Q2845
Angel One,Q442,ao,1992-08-10,1988-01-25,4,115,Michael Rhodes,Q6298,,,Patrick Barry,Q6992,14,1,Ángel Uno,Angel One,Missione di soccorso,Ubawareta Megami-tachi no Wakusei (Bereft Goddesses' Planet),Planet Angel One (Pianeta Angel One),7 (PG),Dennis McCarthy,Q2471,Datalore,Q2256,Q109
Conundrum,Q2012,cn,1995-03-17,1992-02-17,4,214,Les Landau,Q5378,Barry M. Schkolnick,Q1012,Paul Schiffer,Q7048,114,5,Enigma,Enigme,Amnesia,Nazo-meita Kioku-soushitsu (Enigmatic Memory Blackout),Mission ohne Gedächtnis,57 (U),Dennis McCarthy,Q2471,The Masterpiece Society,Q9184,Q7264
Cost of Living,Q2042,cs,1995-06-21,1992-04-20,5,220,Winrich Kolbe,Q10098,,,Peter Allan Fields,Q7122,120,5,Es difícil vivir,Le prix d'une vie,Il prezzo della vita,Lwaxana no Kekkon (Lwaxana's Marriage),Hochzeit mit Hindernissen,60 (U),Dennis McCarthy,Q2471,The First Duty,Q9135,Q9213
Half a Life,Q3628,hl,1995-02-23,1991-05-06,6,196,Les Landau,Q5378,Peter Allan Fields,Q7122,"Peter Allan Fields,Ted Roberts","Q7122,Q8943",96,4,Media vida,La moitié d'une vie,Una vita a metà,Ketsubetsu no Gishiki (Ceremony of Break Away),Die Auflösung,48 (PG),Dennis McCarthy,Q2471,The Drumhead,Q9114,Q9150
Disaster,Q2563,di,1995-03-07,1991-10-21,2,205,Gabrielle Beaumont,Q3276,Ronald D. Moore,Q7854,"Philip A. Scorza,Ron Jarvis","Q7166,Q7840",105,5,Desastre,Désastre,Disastro sull'<i>Enterprise</i>,<i>Enterprise</i> Panic,Katastrophe auf der <i>Enterprise</i>,53 (PG),Dennis McCarthy,Q2471,Silicon Avatar,Q8264,Q9142
Suddenly Human,Q8699,sh,1995-02-02,1990-10-15,1,176,Gabrielle Beaumont,Q3276,"John Whelpley,Jeri Taylor","Q4577,Q4318",Ralph Phillips,Q7425,78,4,Subitamente humano,Humain soudainement,Improvvisamente umano,Uchu-koji Jono (Space Orphan Jono),Endars Sohn,39 (PG),Dennis McCarthy,Q2471,Brothers,Q1453,Q7534
Transfigurations,Q9580,tf,1995-01-26,1990-06-04,7,173,Tom Benko,Q9447,,,René Echevarria,Q7544,73,3,Transfiguraciones,,Trasformazioni,Kagayaki no Naka e... (In the Flush...),Wer ist John?,37 (PG),Dennis McCarthy,Q2471,Ménage à Troi,Q6191,Q9068
The Mind's Eye,Q9187,mi,1995-02-25,1991-05-27,6,198,David Livingston,Q2316,René Echevarria,,"René Echevarria,Ken Schafer","Q7544,Q4928",98,4,El ojo de la mente,Vue de l'esprit,Con gli occhi della mente,Uragiri no Jokyoku (Prelude of Betrayal),Verräterische Signale,49 (PG),Dennis McCarthy,Q2471,The Host,Q9150,Q3928
Déjà Q,Q2429,dq,1995-01-13,1990-02-05,4,161,Les Landau,Q5378,,,Richard Danus,Q7611,61,3,Déjà Q,Déjà Q,Déjà Q,DEJA Q,Noch einmal Q,31 (PG),Dennis McCarthy,Q2471,The High Ground,Q9148,Q114
The Last Outpost,Q9169,lo,1991-08-08,1987-10-19,2,107,Richard Colla,Q7608,Herbert J. Wright,Q3764,Richard Krzemien,Q7629,5,1,El último baluarte,Le dernier avant- poste,L'ultimo avamposto,Nazo no Uchu-seimeitai (Mysterious Space-lifeform),Der Wächter (Il guardiano),3 (PG),Dennis McCarthy,Q2471,Code of Honor,Q1963,Q10026
Unification - Part I,Q9714,u1,1995-03-09,1991-11-04,2,208,Les Landau,Q5378,Jeri Taylor,Q4318,"Rick Berman,Michael Piller","Q7652,Q6295",107,5,"Unificacion, parte I",Réunification I,Il segreto di Spock - Prima parte,Sen'nyu! Romulan Teikoku (Infiltrate! Romulan Empire),Wiedervereinigung?,54 (U),Dennis McCarthy,Q2471,The Game,Q9142,Q9715
Unification - Part II,Q9715,u2,1995-03-10,1991-11-11,2,207,Cliff Bole,Q1941,Michael Piller,Q6295,"Rick Berman,Michael Piller","Q7652,Q6295",108,5,"Unificacion, parte II",Réunification II,Il segreto di Spock - Seconda parte,Sen'nyu! Romulan Teikoku (Infiltrate! Romulan Empire),Wiedervereinigung?,54 (U),Dennis McCarthy,Q2471,Unification - Part I,Q9714,Q115
Ensign Ro,Q2881,er,1995-03-04,1991-10-07,1,203,Les Landau,Q5378,Michael Piller,Q6295,"Rick Berman,Michael Piller","Q7652,Q6295",103,5,La alférez Ro,L'enseigne Ro,Il guardiamarina Ro,Rurou no Bajor-seijin (Roving Bajorans),Fähnrich Ro,52 (U),Dennis McCarthy,Q2471,Darmok,Q2244,Q8264
Samaritan Snare,Q7989,ss,1994-12-24,1989-05-15,5,143,Les Landau,Q5378,,,Robert L. McCullough,Q7752,43,2,,Le piège des samaritains,Trappola per samaritani,Orokanaru Yokubou (Foolish Want),Das Herz des Captains (Il cuore di un Capitano),22 (PG),Dennis McCarthy,Q2471,Q Who?,Q7321,Q9737
Symbiosis,Q8756,sy,1997-03-27,1988-04-18,6,123,Win Phelps,Q10093,"Hans Beimler,Robert Lewin,Richard Manning","Q3651,Q7756,Q7635",Robert Lewin,Q7756,22,1,Simbiosis,Symbiose,Simbiosi,Kindan no Hiyaku (Forbidden Nostrum),Die Seuche (L'epidemia),11 (PG),Dennis McCarthy,Q2471,The Arsenal of Freedom,Q9058,Q8311
The Arsenal of Freedom,Q9058,af,1997-03-26,1988-04-11,6,121,Les Landau,Q5378,"Hans Beimler,Richard Manning","Q3651,Q7635","Robert Lewin,Maurice Hurley","Q7756,Q6102",21,1,El arsenal de la libertad,L'arsenal de la liberté,L'arsenale della libertà,Ikikaetta Shi no Uchu-shounin (Revival Deadly Space Merchant),Die Waffenhändler (I venditori di armi),11 (U),Dennis McCarthy,Q2471,Heart of Glory,Q3718,Q8756
Conspiracy,Q2006,co,1993-03-13,1988-05-09,7,125,Cliff Bole,Q1941,Tracy Tormé,Q9565,Robert Sabaroff,Q7767,25,1,La conspiración,Conspiration,Cospirazione,Osorubeki Inbou (Terrifying Conspiracy),Die Verschwörung (La cospirazione),13 (PG),Dennis McCarthy,Q2471,We'll Always Have Paris,Q9999,Q9196
Home Soil,Q3803,hs,1992-08-31,1988-02-22,5,117,Corey Allen,Q2023,Robert Sabaroff,Q7767,"Robert Sabaroff,Karl Geurs,Ralph Sanchez","Q7767,Q4801,Q7426",18,1,Suelo habitado,Terre natale,Progetto Terraforming,Kami ni Nita Hitobito (People Semble to God),Ein Planet wehrt sich (Un pianeta resiste),9 (PG),Dennis McCarthy,Q2471,When the Bough Breaks,Q10024,Q1989
The Hunted,Q9152,hu,1995-01-11,1990-01-08,3,159,Cliff Bole,Q1941,,,Robin Bernheim,Q7788,59,3,El cazador,Le fugitif,I perseguitati,Kyoufu no Ningen-heiki (Terrible People-weapon),Die Verfemten,30 (PG),Dennis McCarthy,Q2471,The Defector,Q9104,Q9148
Redemption - Part I,Q7488,rd,1995-03-01,1991-06-17,7,200,Cliff Bole,Q1941,,,Ronald D. Moore,Q7854,100,4,"Redención, parte I",Rédemption I,La via di Klingon - Prima parte,Klingon Teikoku no Kiki (Crisis of Klingon Empire),Der Kampf um das klingonische Reich I,50 (PG),Dennis McCarthy,Q2471,In Theory,Q3928,Q7489
Redemption - Part II,Q7489,r2,1995-03-02,1991-09-23,1,201,David Carson,Q2284,,,Ronald D. Moore,Q7854,101,5,"Redención, parte II",Rédemption II,La via di Klingon - Seconda parte,Klingon Teikoku no Kiki (Crisis of Klingon Empire),Der Kampf um das klingonische Reich II,51 (PG),Dennis McCarthy,Q2471,Redemption - Part I,Q7488,Q2244
The Next Phase,Q9198,np,1996-02-23,1992-05-18,6,224,David Carson,Q2284,,,Ronald D. Moore,Q7854,124,5,La próxima fase,Déphasage,Un'altra dimensione,Tensou-jiko no Nazo (Mystery of Transport Accident),So nah und doch so fern,62 (U),Dennis McCarthy,Q2471,"I, Borg",Q3849,Q9158
Family,Q3071,sh,1995-01-30,1990-10-01,1,178,Les Landau,Q5378,,,Ronald D. Moore,Q7854,76,4,Generación familiar,En famille,Famiglie,Senshi no Kyusoku (Rest of Warriors),Familienbegegnung,38 (PG),Dennis McCarthy,Q2471,The Best of Both Worlds - Part II,Q9069,Q1453
Tapestry,Q8869,tp,1996-07-13,1993-02-15,,241,Les Landau,Q5378,,,Ronald D. Moore,Q7854,141,6,Tapiz,Tapisserie,Una seconda opportunità,Unmei no Wakare-michi (Weird Parting of the Ways),Willkommen im Leben nach dem Tode,71 (PG),Dennis McCarthy,Q2471,Face of the Enemy,Q3049,Q1251
The Bonding,Q9072,bo,1995-01-05,1989-10-23,2,153,Winrich Kolbe,Q10098,,,Ronald D. Moore,Q7854,53,3,La unión,Filiation,Il vincolo,Kanashimi no Genei (Plaintful Illusion),Mutterliebe,27 (PG),Dennis McCarthy,Q2471,Who Watches the Watchers?,Q10035,Q1314
Schisms,Q8061,sc,1996-07-02,1992-10-19,,231,Robert Wiemer,Q7781,Brannon Braga,Q1365,"Ronald Wilkerson,Jean Louise Matthias","Q7859,Q4233",131,6,Cismas,Schismes,Sonni pericolosi,Nazo no Dai-san-ji-akukan (Mysterious 3rd Subspace),In den Subraum entführt,66 (PG),Dennis McCarthy,Q2471,Relics,Q7528,Q9652
Lessons,Q5393,ln,1996-07-18,1993-04-05,,245,Robert Wiemer,Q7781,,,"Ronald Wilkerson,Jean Louise Matthias","Q7859,Q4233",145,6,Lecciones,Leçons de musique,Amore e dovere,Galaxy Romance,Der Feuersturm,73 (U),Dennis McCarthy,Q2471,Starship Mine,Q8551,Q9080
Imaginary Friend,Q3909,im,1996-02-23,1992-05-04,6,222,Gabrielle Beaumont,Q3276,"Brannon Braga,Edithe Swensen","Q1365,Q2762","Ronald Wilkerson,Jean Louise Matthias,Richard Fliegel","Q7859,Q4233,Q7617",122,5,La amiga imaginaria,L'amie imaginaire,Un'amica immaginaria,Imaginary Friend,Die imaginäre Freundin,61,Dennis McCarthy,Q2471,The Perfect Mate,Q9213,Q3849
Hollow Pursuits,Q3798,hp,1995-01-23,1990-04-30,6,169,Cliff Bole,Q1941,,,Sally Caves,Q7965,69,3,Recreaciones falsas,Fantasmes holographiques,Illusione o realtà?,Tousaku no Hologram Deck (Perverted Hologram Deck),Der schüchterne Reginald,35 (PG),Dennis McCarthy,Q2471,Tin Man,Q9408,Q9190
The Vengeance Factor,Q9277,vf,1995-01-10,1989-11-20,3,157,Timothy Bond,Q9399,,,Sam Rolfe,Q7982,57,3,El factor venganza,Vengeance,Fattore vendetta,Fukushu no Toriko (Captive of Revenge),"Yuta, die letzte ihres Clans",29 (PG),Dennis McCarthy,Q2471,The Price,Q9217,Q9104
Coming of Age,Q1989,ca,1997-03-24,1988-03-14,5,119,Michael Laurence Vejar,Q6278,,,Sandy Fries,Q8010,19,1,Mayoría de edad,L'âge de maturité,L'età della ragione,Uchu-senshi eno Michi (Way to Space Warrior),Prüfungen (Tests),10 (U),Dennis McCarthy,Q2471,Home Soil,Q3803,Q3718
The Dauphin,Q9102,dp,1994-12-16,1989-02-20,3,136,Rob Bowman,Q7704,,,"Scott Rubenstein,Leonard Mlodinow","Q8096,Q5371",36,2,El delfín,La dauphine,La delfina,Unmei no Shojo Salia (Weird Girl Salia),Die Thronfolgerin (L'erede al trono),18 (PG),Dennis McCarthy,Q2471,The Measure of a Man,Q9185,Q2010
The Most Toys,Q9190,mo,1995-01-24,1990-05-07,6,170,Timothy Bond,Q9399,,,Shari Goodhartz,Q8188,70,3,El juguete más preciado,Les jouets,Il collezionista,Kyukyoku no Collection (Ultimate Collection),Der Sammler,35 (PG),Dennis McCarthy,Q2471,Hollow Pursuits,Q3798,Q8029
Violations,Q9890,vi,1995-03-15,1992-02-03,3,212,Robert Wiemer,Q7781,"Jeri Taylor,Pamela Gray","Q4318,Q6935","Shari Goodhartz,Pamela Gray,T Michael","Q8188,Q6935,Q8763",112,5,Delitos,Viol,Violenze mentali,Kioku-sin'nyu-sha Ullia-seijin (Memory Intruder Ullian),Geistige Gewalt,56 (PG),Dennis McCarthy,Q2471,Hero Worship,Q3768,Q9184
Homeward,Q3806,hm,1997-09-10,1994-01-17,,265,Alexander Singer,Q293,Naren Shankar,,Spike Steingasser,Q8393,165,7,Yendo a casa,Terre promise,Terra promessa,Horobi-yuku Wakusei (Dying Planet),Die oberste Direktive,83 (PG),Dennis McCarthy,Q2471,The Pegasus,Q9212,Q8689
New Ground,Q6663,ng,1995-03-13,1992-01-06,3,210,Robert Scheerer,Q7770,Grant Rosenberg,Q3543,"Stuart Charno,Sara Charno","Q8677,Q8016",110,5,Nuevo territorio,Nouveau départ,L'onda soliton,Shin Warp Kouhou Soliton Wave (New Warp Navigation Soliton Wave),Die Soliton-Welle,55 (U),Dennis McCarthy,Q2471,A Matter of Time,Q115,Q3768
Ethics,Q2966,et,1995-03-20,1992-03-02,4,216,Chip Chalmers,Q1764,Ronald D. Moore,Q7854,"Stuart Charno,Sara Charno","Q8677,Q8016",116,5,Ética,Ethique,Questione di etica,Shinkei Iryou Expert Docter Russell (Neuro Cure Expert Docter Russell),Die Operation,58 (PG),Dennis McCarthy,Q2471,Power Play,Q7264,Q9207
The Wounded,Q9292,wo,1995-02-11,1991-01-28,3,186,Chip Chalmers,Q1764,Jeri Taylor,Q4318,"Stuart Charno,Sara Charno,Cy Chermak","Q8677,Q8016,Q2126",86,4,Los heridos,Meurtri,Un uomo ferito,Fujitsu-naru Heiwa (Unfaithful Peace),Der Rachefeldzug,43 (U),Dennis McCarthy,Q2471,Data's Day,Q2255,Q2504
Manhunt,Q5871,mh,1994-12-27,1989-06-19,5,145,Rob Bowman,Q7704,,,Terry Devereaux,,45,2,,Chasse à l'homme,Caccia all'uomo,Miserarete (Under a Spell),"Andere Sterne, andere Sitten (Altre stelle, altre usanze)",23 (PG),Dennis McCarthy,Q2471,Up The Long Ladder,Q9737,Q9115
Galaxy's Child,Q3289,gc,1995-02-16,1991-03-11,4,190,Winrich Kolbe,Q10098,Maurice Hurley,Q6102,Thomas Kartozian,Q9323,90,4,El hijo de la galaxia,L'enfant stellaire,Il figlio della galassia,Galaxy Child,Die Begegnung im Weltraum,45 (PG),Dennis McCarthy,Q2471,First Contact (episodio),Q3137,Q6699
Identity Crisis,Q3868,ic,1995-02-18,1991-03-25,5,192,Winrich Kolbe,Q10098,Brannon Braga,Q1365,Timothy de Haas,Q9403,92,4,Crisis de identidad,Crise d'identité,Metamorfosi,Identity Crisis,Der unbekannte Schatten,46 (PG),Dennis McCarthy,Q2471,Night Terrors,Q6699,Q9203
The Big Goodbye,Q9071,bg,1992-07-27,1988-01-11,3,113,Joseph L. Scanlan,Q4635,,,Tracy Tormé,Q9565,12,1,El gran adiós,Le long adieu,Il grande addio,Uchu-kukan no Meitantei (Great Detective in Space),Der große Abschied (Il grande addio),6 (PG),Dennis McCarthy,Q2471,Haven,Q3704,Q2256
Haven,Q3704,hv,1991-07-25,1987-11-30,3,105,Richard Compton,Q7609,Tracy Tormé,Q9565,"Tracy Tormé,Lan O'Kun","Q9565,Q5211",11,1,Puerto,Haven,Haven,Yume no Hito (Dreamy People),Die Frau seiner Träume (La donna dei suoi sogni),6 (PG),Dennis McCarthy,Q2471,Hide And Q,Q3778,Q9071
Justice,Q4709,ju,1992-06-29,1987-11-09,2,109,James L. Conway,Q4126,Worley Thorne,Q10113,Worley Thorne,Q10113,8,1,Justicia,Justice,Il giudizio,Kami karano Keikoku (Warning from God),Das Gesetz von Edo (La legge degli Edo),4 (PG),Dennis McCarthy,Q2471,Lonely Among Us,Q5501,Q9065
Genesis (tng171),Q3401,ge,1997-09-17,1994-03-21,,271,Gates McFadden,Q3370,Brannon Braga,Q1365,,,171,7,Génesis,Genèse,Genesi,Kyoufu no Intron Virus (Terrible Intron Virus),Genesis,86 (PG),Dennis McCarthy,Q2471,Eye of the Beholder,Q3037,Q4657
All Good Things... - Part I,Q333,ag,1997-09-24,1994-05-23,,277,Winrich Kolbe,Q10098,"Brannon Braga,Ronald D. Moore","Q1365,Q7854",,,177,7,Todas las cosas buenas... Parte I,Toutes les bonnes choses… I,"Ieri, oggi, domani - Prima parte",Eien eno Tabi (Journey to Eternity),"Gestern, heute, morgen I",89 (U),Dennis McCarthy,Q2471,Preemptive Strike,Q7273,Q334
All Good Things... - Part II,Q334,ag,1997-09-25,1994-05-23,,278,Winrich Kolbe,Q10098,"Brannon Braga,Ronald D. Moore","Q1365,Q7854",,,178,7,Todas las cosas buenas... Parte II,Toutes les bonnes choses… II,"Ieri, oggi, domani - Seconda parte",Eien eno Tabi (Journey to Eternity),"Gestern, heute, morgen II",89 (U),Dennis McCarthy,Q2471,All Good Things... - Part I,Q333,
Sins of the Father,Q8296,sf,1995-01-18,1990-03-19,5,165,Les Landau,Q5378,"Drew Deighan,Ronald D. Moore,W. Reed Morgan","Q2684,Q7854,Q9956",,,65,3,Los pecados de padre,Les péchés du père,I peccati del padre,Klingon-senshi toshite (As Klingon Warrior),Die Sünden des Vaters,33 (U),Dennis McCarthy,Q2471,The Offspring,Q9204,Q347
Ship in a Bottle,Q8231,sb,1996-07-10,1993-01-25,,238,Alexander Singer,Q293,René Echevarria,,,,138,6,Una nave en una botella,Un navire dans une bouteille,La nave in bottiglia,Yomigaetta Moriety Kyouju (Resurging Professor Moriety),Das Schiff in der Flasche,69 (PG),Dennis McCarthy,Q2471,Chain of Command - Part II,Q1683,Q529
Face of the Enemy,Q3049,fe,1996-07-12,1993-02-08,,240,Gabrielle Beaumont,Q3276,Naren Shankar,,René Echevarria,Q7544,140,6,El rostro del enemigo,Le vrai visage de l'ennemi,Il volto del nemico,Romulan Teikoku Boumei Sakusen (Romulan Empire Defection Operation),Das Gesicht des Feindes,70 (U),Don Davis,Q2596,Aquiel,Q529,Q8869
Code of Honor,Q1963,ch,1991-07-18,1987-10-12,1,104,Russ Mayberry,Q7917,,,"Katharyn Powers,Michael Baron","Q4825,Q6231",4,1,Código de honor,Le code de l'honneur,Codice d'onore,Ai-naki Wakusei (Loveless Planet),Der Ehrenkodex (Il codice d'onore),2 (PG),Fred Steiner,Q3230,The Naked Now,Q9194,Q9169
Too Short A Season,Q9512,ts,1992-07-20,1988-02-08,4,112,Rob Bowman,Q7704,"Dorothy Catherine Fontana,Michael Michaelian","Q2641,Q6285",Michael Michaelian,Q6285,16,1,Un período demasiado corto,Un trop court moment,Guerra privata,Oinaru Tsugunai (Great Payment),Die Entscheidung des Admirals (La decisione dell'ammiraglio),8 (PG),George Romanis,Q3431,11001001,Q109,Q10024
Emergence,Q2845,eg,1997-09-22,1994-05-09,,275,Cliff Bole,Q1941,Joe Menosky,Q4422,Brannon Braga,,175,7,Aparición,Emergence,Una nuova vita,Chiteki-seimeitai Enterprise (Intelligent Lifeform Enterprise),Neue Intelligenz,88 (U),Jay Chattaway,Q4220,Bloodlines,Q1270,Q7273
Eye of the Beholder,Q3037,eb,1997-09-16,1994-02-28,,270,Cliff Bole,Q1941,René Echevarria,,Brannon Braga,,170,7,El ojo del observador,L'œil de l'admirateur,Echi mentali,Nazo no Genkaku Telepathy (Mysterious Illusion Telepathy),Der Fall,85 (PG),Jay Chattaway,Q4220,Masks,Q6071,Q3401
Realm of Fear,Q7479,rf,1996-06-28,1992-09-28,,228,Cliff Bole,Q1941,,,Brannon Braga,,128,6,El reino del miedo,Le règne de la peur,Paure nascoste,Plasma Houden no Nazo (Mystery of Plasma Discharge),Todesangst beim Beamen (Paura della morte),64 (PG),Jay Chattaway,Q4220,Time's Arrow - Part II,Q9378,Q5868
Frame of Mind,Q3187,fr,1996-07-20,1993-05-03,,247,James L. Conway,Q4126,,,Brannon Braga,,147,6,Estado de animo,Etat d'esprit,Schegge di realtà,Norowareta Mousou (Blanked Mirage),Phantasie oder Wahrheit,74 (PG),Jay Chattaway,Q4220,The Chase,Q9080,Q8740
Birthright - Part I,Q1251,bi,1996-07-15,1993-02-22,,242,Winrich Kolbe,Q10098,,,Brannon Braga,,142,6,"Derechos de nacimiento, parte I",Droit ancestral I,La voce del sangue - Prima parte,Birthright,Der Moment der Erkenntnis I,71 (PG),Jay Chattaway,Q4220,Tapestry,Q8869,Q1252
Gambit - Part I,Q3309,g1,1997-08-30,1993-10-11,,256,Peter Lauritson,Q7136,Naren Shankar,,"Christopher Hatton,Naren Shankar","Q1815,Q6571",156,7,"Árdid, parte I",La pierre de Gol I,L'arma perduta - Prima Parte,Nazo no Alien Butai (Mysterious Alien Force),Der Schachzug I,78 (PG),Jay Chattaway,Q4220,Interface,Q3971,Q3310
Inheritance,Q3957,ih,1997-09-06,1993-11-22,,262,Robert Scheerer,Q7770,"René Echevarria,Jeri Taylor,Dan Koeppel","Q7544,Q4318,Q2183",Dan Koeppel,Q2183,162,7,Herencia,L'héritage,Una madre per Data,Android no Hahaoya (Mother of Android),Soongs Vermächtnis,81 (U),Jay Chattaway,Q4220,Force of Nature,Q3177,Q6954
Tin Man,Q9408,ti,1995-01-21,1990-04-23,5,168,Robert Scheerer,Q7770,,,David Bischoff,Q2278,68,3,El hombre de latón,Tin man,L'uomo di latta,Kodokuna Hourou-sha (Alone Stroller),Der Telepath,34 (U),Jay Chattaway,Q4220,Captain's Holiday,Q1569,Q3798
Chain of Command - Part I,Q1682,c1,1996-07-08,1992-12-14,,236,Robert Scheerer,Q7770,Ronald D. Moore,Q7854,Frank Abatemarco,Q3200,136,6,"Cadena de mando, parte I",Hiérarchie I,Il peso del comando - Prima parte,Sentou-shuzoku Cardassia-seijin (Battle Species Cardassians),Geheime Mission auf Celtris Drei I,68 (U),Jay Chattaway,Q4220,The Quality of Life,Q9221,Q1683
Chain of Command - Part II,Q1683,c2,1996-07-09,1992-12-14,,237,Les Landau,Q5378,,,Frank Abatemarco,Q3200,137,6,"Cadena de mando, parte II",Hiérarchie II,Il peso del comando - Seconda parte,Sentou-shuzoku Cardassia-seijin (Battle Species Cardassians),Geheime Mission auf Celtris Drei II,69 (PG),Jay Chattaway,Q4220,Chain of Command - Part I,Q1682,Q8231
The Game,Q9142,gm,1995-03-08,1991-10-28,2,206,Corey Allen,Q2023,Brannon Braga,Q1365,"Fred Bronson,Brannon Braga,Susan Sackett","Q3222,Q1365,Q8734",106,5,El juego,Le jeu,Il gioco,Alien Game,Gefährliche Spielsucht,53 (PG),Jay Chattaway,Q4220,Disaster,Q2563,Q9714
Hero Worship,Q3768,hw,1995-03-14,1992-01-27,3,211,Patrick Stewart,Q7002,Joe Menosky,Q4422,Hilary J. Bader,Q3783,111,5,Culto al Héroe,Culto al Héroe,Un eroe da imitare,Ankoku-seidan no Nazo (Mystery of Dark Cluster),Der Einzige Überlebende (L'unico sopravvissuto),56 (PG),Jay Chattaway,Q4220,New Ground,Q6663,Q9890
Dark Page,Q2237,dk,1997-09-03,1993-11-01,,259,Les Landau,Q5378,,,Hilary J. Bader,Q3783,159,7,Página oscura,Heures sombres,La porta chiusa,Kokoro no Dark Side (Dark Side of Heart),Ort der Finsternis,80 (U),Jay Chattaway,Q4220,Phantasms,Q7154,Q900
Rightful Heir,Q7679,rh,1996-07-23,1993-05-17,,249,Winrich Kolbe,Q10098,Ronald D. Moore,Q7854,James E. Brooks,Q4111,149,6,Heredero legítimo,Héritier légitime,Il ritorno di Khaless,Klingon-shin Kahless no Fukkatsu (Rebirth of Klingon God Kahless),Der rechtmäßige Erbe,75 (PG),Jay Chattaway,Q4220,Suspicions,Q8740,Q8117
The Masterpiece Society,Q9184,ms,1995-03-16,1992-02-10,4,213,Winrich Kolbe,Q10098,"Michael Piller,Adam Belanoff","Q6295,Q195","James Kahn,Adam Belanoff","Q4124,Q195",113,5,La obra de arte social,La société modèle,Una società perfetta,Idenshi Sousa Wakusei (Genetic Manipulation Planet),Das künstliche Paradies,57 (U),Jay Chattaway,Q4220,Violations,Q9890,Q2012
Sub Rosa,Q8689,sr,1997-09-11,1994-01-31,,266,Jonathan Frakes,Q53,Brannon Braga,Q1365,Jeri Taylor,,166,7,Sub Rosa,Sub rosa,Segreto di famiglia,Ai no Bourei (Ghost of Love),Ronin,83 (PG),Jay Chattaway,Q4220,Homeward,Q3806,Q5547
Aquiel,Q529,aq,1996-07-11,1993-02-01,,239,Cliff Bole,Q1941,"Brannon Braga,Ronald D. Moore","Q1365,Q7854",Jeri Taylor,,139,6,Aquiel,Aquiel,Aquiel,Nazo no Jouhatsu Jiken (Mysterious Fly-off Incident),Aquiel,70 (U),Jay Chattaway,Q4220,Ship in a Bottle,Q8231,Q3049
Descent - Part I,Q2491,de,1997-08-26,1993-06-21,,252,Alexander Singer,Q293,Ronald D. Moore,Q7854,Jeri Taylor,,152,6,"Descenso, parte I",Descente aux enfers I,Il ritorno dei Borg - Prima Parte,Borg Henshitsu no Nazo (Mystery of Borg Alternation),Angriff der Borg I,76 (PG),Jay Chattaway,Q4220,Timescape,Q9393,Q2492
The Outcast,Q9207,oc,1995-03-21,1992-03-16,5,217,Robert Scheerer,Q7770,,,Jeri Taylor,,117,5,El paria,Paria,Il diritto di essere,Ryousei-Guyu J'Naii-seijin (Androgyny J'Naii),Verbotene Liebe,59 (PG),Jay Chattaway,Q4220,Ethics,Q2966,Q1657
Silicon Avatar,Q8264,si,1995-03-06,1991-10-14,1,204,Cliff Bole,Q1941,Jeri Taylor,Q4318,Lawrence V. Conley,Q5297,104,5,La entidad cristalina,L'avatar de cristal,L'entità di cristallo,Satsuriku no Uchu-suishoutai (Space Crystal of Carnage),Das Recht auf Leben,52,Jay Chattaway,Q4220,Ensign Ro,Q2881,Q2563
Power Play,Q7264,pw,1995-03-18,1992-02-24,4,215,David Livingston,Q2316,"Brannon Braga,Herbert J. Wright,Rene Balcer","Q1365,Q3764,Q7543","Maurice Hurley,Paul Ruben","Q6102,Q7042",115,5,Juego de poder,Rapport de force,Gioco di potere,Bourei Hangyaku-sha (Ghost Rebel),Ungebetene Gäste,58 (PG),Jay Chattaway,Q4220,Conundrum,Q2012,Q2966
The Inner Light,Q9158,il,1996-02-23,1992-06-01,7,225,Peter Lauritson,Q7136,"Peter Allan Fields,Morgan Gendel","Q7122,Q6478",Morgan Gendel,Q6478,125,5,La luz interior,La lumière intérieure,Una vita per ricordare,Chou-jiku-wakusei Kataan (Super-spacetime Planet Kataan),Das zweite Leben,63 (PG),Jay Chattaway,Q4220,The Next Phase,Q9198,Q9377
Starship Mine,Q8551,st,1996-07-17,1993-03-29,,244,Cliff Bole,Q1941,,,Morgan Gendel,Q6478,144,6,Nave estelar abordada,28 minutes pour vivre,Complotto a bordo,Nazo no Sen'nyu-sha (Mysterious Infiltree),In der Hand von Terroristen,72 (PG),Jay Chattaway,Q4220,Birthright - Part II,Q1252,Q5393
Preemptive Strike,Q7273,ps,1997-09-23,1994-05-16,,276,Patrick Stewart,Q7002,René Echevarria,,Naren Shankar,Q6571,176,7,Ataque con derecho de prioridad,Attaque préventive,Il tenente Ro,Wakusei-renpou Guerrilla Butai (Federation Guerrilla Force),Die Rückkehr von Ro Laren,88 (U),Jay Chattaway,Q4220,Emergence,Q2845,Q333
Gambit - Part II,Q3310,g2,1997-09-01,1993-10-18,,257,Alexander Singer,Q293,Ronald D. Moore,Q7854,Naren Shankar,Q6571,157,7,"Árdid, parte II",La pierre de Gol II,L'arma perduta - Seconda Parte,Nazo no Alien Butai (Mysterious Alien Force),Der Schachzug II,79 (PG),Jay Chattaway,Q4220,Gambit - Part I,Q3309,Q7154
Darmok,Q2244,dm,1995-03-03,1991-09-30,1,202,Winrich Kolbe,Q10098,Joe Menosky,Q4422,"Philip LaZebnik,Joe Menosky","Q7171,Q4422",102,5,Darmok,Darmok,Darmok,Nazo no Tamarian-seijin (Mysterious Tamarians),Darmok,51 (PG),Jay Chattaway,Q4220,Redemption - Part II,Q7489,Q2881
The Perfect Mate,Q9213,pm,1995-04-01,1992-04-27,6,221,Cliff Bole,Q1941,Michael Piller,Q6295,René Echevarria,Q7544,121,5,La compañera perfecta,La parfaite compagne,La donna perfetta,Kyukyoku no Partner (Ultimate Partner),Eine hoffnungslose Romanze,61 (PG),Jay Chattaway,Q4220,Cost of Living,Q2042,Q3909
Descent - Part II,Q2492,d2,1997-08-27,1993-09-20,,253,Alexander Singer,Q293,,,René Echevarria,Q7544,153,7,"Descenso, parte II",Descente aux enfers II,Il ritorno dei Borg - Seconda Parte,Borg Henshitsu no Nazo (Mystery of Borg Alternation),Angriff der Borg II,77 (PG),Jay Chattaway,Q4220,Descent - Part I,Q2491,Q5412
Birthright - Part II,Q1252,bi2,1996-07-16,1993-03-01,,243,Dan Curry,Q2178,,,René Echevarria,Q7544,143,6,"Derechos de nacimiento, parte II",Droit ancestral II,La voce del sangue - Seconda parte,Birthright,Der Moment der Erkenntnis II,72 (PG),Jay Chattaway,Q4220,Birthright - Part I,Q1251,Q8551
"I, Borg",Q3849,ib,1996-02-23,1992-05-11,6,223,Robert Lederman,Q7754,,,René Echevarria,Q7544,123,5,"Yo, Borg",Lou le Borg,"Io, Borg",Borg Number Three,Ich bin Hugh,62 (U),Jay Chattaway,Q4220,Imaginary Friend,Q3909,Q9198
A Matter of Time,Q115,ma,1995-03-11,1991-11-18,3,209,Paul Lynch,Q7029,,,Rick Berman,Q7652,109,5,Cuestión de tiempo,Question de temps,Uno strano visitatore,26seiki no Time Traveler (Time Traveler from 26th Century),Der zeitreisende Historiker,55 (U),Jay Chattaway,Q4220,Unification - Part II,Q9715,Q6663
A Fistful of Datas,Q110,fs,1996-07-05,1992-11-09,,234,Patrick Stewart,Q7002,"Brannon Braga,Robert Hewitt Wolfe","Q1365,Q7742",Robert Hewitt Wolfe,Q7742,134,6,Un puñado de datas,Pour une poignée de Datas,Per un pugno di Data,Holodeck in the West,Eine Handvoll Datas,67 (U),Jay Chattaway,Q4220,Rascals,Q7452,Q9221
Relics,Q7528,rl,1996-07-01,1992-10-12,,230,Alexander Singer,Q293,,,Ronald D. Moore,Q7854,130,6,Reliquias,Reliques,Il naufrago del tempo,Enterprise no Omokage (Relic of Enterprise),Besuch von der alten Enterprise,65 (PG),Jay Chattaway,Q4220,Man of the People,Q5868,Q8061
Journey's End,Q4657,je,1997-09-18,1994-03-28,,272,Corey Allen,Q2023,,,Ronald D. Moore,Q7854,172,7,El final del viaje,La fin du voyage,La fine del viaggio,Aratanaru Tabiji (New Journey),Am Ende der Reise,86 (PG),Jay Chattaway,Q4220,Genesis (tng171),Q3401,Q3140
The Chase,Q9080,cha,1996-07-19,1993-04-26,,246,Jonathan Frakes,Q53,Joe Menosky,Q4422,"Ronald D. Moore,Joe Menosky","Q7854,Q4422",146,6,La caza,Le secret,Il segreto della vita,Inochi no Message (Message of Life),Das fehlende Fragment,73 (U),Jay Chattaway,Q4220,Lessons,Q5393,Q3187
In Theory,Q3928,it,1995-02-27,1991-06-03,7,199,Patrick Stewart,Q7002,,,"Ronald D. Moore,Joe Menosky","Q7854,Q4422",99,4,En teoría,En théorie,Programma: amore,Koi no Theory (Theory of Love),Datas erste Liebe,50 (PG),Jay Chattaway,Q4220,The Mind's Eye,Q9187,Q7488
The First Duty,Q9135,fd,1995-03-23,1992-03-30,5,219,Paul Lynch,Q7029,,,"Ronald D. Moore,Naren Shankar","Q7854,Q6571",119,5,La primera obligación,Le premier devoir,Il primo dovere,Kanashimi no Academy Sotugyou-shiki (Plaintful Academy Graduation),Ein mißglücktes Manöver,60 (U),Jay Chattaway,Q4220,Cause and Effect,Q1657,Q2042
Lower Decks,Q5547,ld,1997-09-12,1994-02-07,,267,Gabrielle Beaumont,Q3276,René Echevarria,,"Ronald Wilkerson,Jean Louise Matthias","Q7859,Q4233",167,7,Los niveles bajos,Promotions,Giovani carriere,Wakaki Yusha-tachi (Young Braves),Beförderung,84 (PG),Jay Chattaway,Q4220,Sub Rosa,Q8689,Q9310
Interface,Q3971,in,1997-08-29,1993-10-04,,255,Robert Wiemer,Q7781,Joe Menosky,Q4422,,,155,7,Interfase,Interface,L'interfaccia,Interface Kyushutsu Sakusen (Interface Rescue Operation),Das Interface,78 (PG),Jay Chattaway,Q4220,Liaisons,Q5412,Q3309
True Q,Q9652,tq,1996-07-03,1992-10-26,,232,Robert Scheerer,Q7770,René Echevarria,,,,132,6,Una verdadera Q,Q ou non,Una vera Q,TRUE Q,Eine echte,66 (U),Jay Chattaway,Q4220,Schisms,Q8061,Q7452
The Pegasus,Q9212,pe,1997-09-09,1994-01-10,,264,LeVar Burton,Q5403,Ronald D. Moore,Q7854,,,164,7,La <i>Pegasus</i>,Le <i>Pegasus</i>,La <i>Pegasus</i>,Nanpa-sen Pegasus no Himitsu (Secret of Shipwreck <i> Pegasus</i>),Das <i>Pegasus</i> Projekt,82 (U),John Debney,Q4483,Parallels,Q6954,Q3806
A Matter of Honor,Q113,mt,1994-12-04,1989-02-06,2,134,Rob Bowman,Q7704,Burton Armus,Q1505,"Burton Armus,Wanda M. Haight,Gregory Amos","Q1505,Q9979,Q3568",34,2,Cuestión de honor,Question d'honneur,Questione d'onore,Sakusou-shita Bigaku (Tangled Esthetics),Der Austauschoffizier (Lo scambio di ufficiali),17 (PG),Ron Jones,Q7841,Unnatural Selection,Q9730,Q9185
The Icarus Factor,Q9153,if,1994-12-21,1989-04-24,4,140,Robert Iscove,Q7744,"Robert L. McCullough,David Assael","Q7752,Q2272",David Assael,Q2272,40,2,,Icare,Fattore Icaro,Icarus Densetsu (Icarus Legend),Rikers Vater (Il padre di Riker),20 (PG),Ron Jones,Q7841,Time Squared,Q9375,Q7091
Where No One Has Gone Before,Q10026,wn,1992-07-07,1987-10-26,2,106,Rob Bowman,Q7704,,,"Diane Duane,Michael Reaves","Q2524,Q6296",6,1,Donde nadie ha podido llegar,Où l'homme surpasse l'homme,Dove nessuno è mai giunto prima,Uchu no Hate kara Kita Otoko (Man Come from Edge of Universe),Der Reisende (Il viaggiatore),3 (PG),Ron Jones,Q7841,The Last Outpost,Q9169,Q5501
Heart of Glory,Q3718,hg,1993-03-13,1988-03-21,5,120,Rob Bowman,Q7704,Maurice Hurley,Q6102,"Dorothy Catherine Fontana,Maurice Hurley,Herbert J. Wright","Q2641,Q6102,Q3764",20,1,Corazón de gloria,Gloire et patrie,Cuore di Klingon,Samayoeru Klingon-senshi (Wandering Klingon Warrior),Worfs Brüder (I fratelli di Worf),10 (U),Ron Jones,Q7841,Coming of Age,Q1989,Q9058
Reunion,Q7574,re,1995-02-28,1990-11-05,2,181,Jonathan Frakes,Q53,"Brannon Braga,Ronald D. Moore,Jo Perry,Thomas Perry","Q1365,Q7854,Q4397,Q9329","Drew Deighan,Jo Perry,Thomas Perry","Q2684,Q4397,Q9329",81,4,Reunión,Réunion,Successione,Yuusha no Na no Moto ni (Sub Nomine Brave),Tödliche Nachfolge,41 (PG),Ron Jones,Q7841,Legacy (tng080),Q5331,Q3259
A Matter of Perspective,Q114,mp,1995-01-14,1990-02-12,4,162,Cliff Bole,Q1941,,,Ed Zuckerman,Q2755,62,3,Cuestión de perspectiva,Question de perspective,Punti di vista,Giwaku no Beam (Beam of Disbelief),Riker unter Verdacht,31 (PG),Ron Jones,Q7841,Déjà Q,Q2429,Q10167
Ménage à Troi,Q6191,me,1995-02-01,1990-05-28,6,172,Robert Legato,Q7755,,,"Fred Bronson,Susan Sackett","Q3222,Q8734",72,3,Menage a Trois,Ménage à Troi,Il rapimento,Ai-naki Kankei (Loveless Connection),Die Damen Troi,36 (U),Ron Jones,Q7841,Sarek (episodio),Q8029,Q9580
When the Bough Breaks,Q10024,wb,1997-03-22,1988-02-13,5,118,Kim Manners,Q5011,,,Hannah Louise Shearer,Q3645,17,1,Duérmete niño,Quand la branche casse,Il pianeta sterile,Shi ni Isogu Wakusei Aldea (Dying Planet Aldea),Die Sorge der Aldeaner (La preoccupazione degli Aldeani),9 (PG),Ron Jones,Q7841,Too Short A Season,Q9512,Q3803
The Price,Q9217,pr,1995-01-09,1989-11-13,2,156,Robert Scheerer,Q7770,,,Hannah Louise Shearer,Q3645,56,3,El precio,Le prix,Tunnel conteso,Hijounaru Kakehiki (Cruel Trade),Die Barzanhandel,28 (PG),Ron Jones,Q7841,The Enemy,Q9119,Q9277
We'll Always Have Paris,Q9999,wa,1997-03-29,1988-05-02,6,124,Robert Becker,Q7711,,,"Hannah Louise Shearer,Deborah Dean Davis","Q3645,Q2398",24,1,Siempre nos queda París,Paris sera toujours Paris,Ricordare Parigi,Toki no Hazama ni (In Between Time),Begegnung mit der Vergangenheit (Incontro con il passato),12 (U),Ron Jones,Q7841,Skin of Evil,Q8311,Q2006
Who Watches the Watchers?,Q10035,ww,1995-01-04,1989-10-16,1,152,Robert Wiemer,Q7781,,,"Hans Beimler,Richard Manning",,52,3,¿Quiés vigila a los vigilantes?,Observateurs observés,Prima direttiva,Shugoshin Densetsu (Daemon Legend),Der Gott der Mintakaner,26 (U),Ron Jones,Q7841,The Survivors,Q9257,Q9072
Allegiance,Q347,al,1995-01-19,1990-03-26,5,166,Winrich Kolbe,Q10098,,,"Hans Beimler,Richard Manning",,66,3,Lealtad,Allégeance,Questione di lealtà,Sugata-naki Yukai-han (Non-figure Kidnapper),Versuchskaninchen,33 (U),Ron Jones,Q7841,Sins of the Father,Q8296,Q1569
Data's Day,Q2255,dd,1995-02-10,1991-01-07,3,185,Robert Wiemer,Q7781,"Ronald D. Moore,Harold Apter","Q7854,Q3666",Harold Apter,Q3666,85,4,Un día en la vida de Data,Une journée de Data,Una giornata di Data,Human Android Data (Human Android Data),Datas Tag,43 (U),Ron Jones,Q7841,The Loss,Q9172,Q9292
Where Silence Has Lease,Q10027,ws,1994-12-07,1988-11-28,1,128,Winrich Kolbe,Q10098,,,Jack B. Sowards,Q4055,28,2,Donde el silencio es esperanza,L'emprise du silence,Dove regna il silenzio,Yami no Junin (Dweller in Darkness),Illusion oder Wirklichkeit? (Illusione o realtà?),14 (PG),Ron Jones,Q7841,The Child,Q9082,Q2805
Loud as a Whisper,Q5533,lw,1994-12-12,1989-01-09,2,132,Larry Shaw,Q5255,,,Jacqueline Zambrano,Q4081,31,2,Fuerte como un susurro,L'éclat d'un murmure,Rumoroso come un sussurro,Computer ni Natta Otoko (Man Become Computer),Der stumme Vermittler (Il mediatore muto),16 (U),Ron Jones,Q7841,The Outrageous Okona,Q9208,Q9236
The Drumhead,Q9114,dr,1995-02-22,1991-04-29,6,195,Jonathan Frakes,Q53,,,Jeri Taylor,,95,4,El juicio del tambor,Chasse aux sorcières,Giustizia sommaria,Giwaku (Disbelief),Das Standgericht,48 (PG),Ron Jones,Q7841,QPid,Q7339,Q3628
The Nth Degree,Q9203,nd,1995-02-20,1991-04-01,5,193,Robert Legato,Q7755,,,Joe Menosky,Q4422,93,4,El enésimo grado,E-nième degré,All'ennesima potenza,Nazo no Zunou-kaikaku (Mysterious Brain Evolution),Die Reise ins Ungewisse,47 (U),Ron Jones,Q7841,Identity Crisis,Q3868,Q7339
The Naked Now,Q9194,nn,1991-07-11,1987-10-05,1,103,Paul Lynch,Q7029,Dorothy Catherine Fontana,Q2641,John D.F. Black,Q4481,3,1,El presente inexorable,L'<i>Entreprise</i> en folie,Contaminazione,Michi karano Yuwaku (Attract from Unknown),Gedankengift (Veleno del pensiero),2 (PG),Ron Jones,Q7841,Encounter at Farpoint,Q2866,Q1963
Skin of Evil,Q8311,se,1997-03-28,1988-04-25,6,122,Joseph L. Scanlan,Q4635,"Hannah Louise Shearer,Joseph Stefano","Q3645,Q4643",Joseph Stefano,Q4643,23,1,La piel del mal,L'essence du mal,La pelle del male,Kanashimi no Hoshi ni Kieta Tasha (Tasha Lost on Plaintful Planet),Die schwarze Seele (L'anima nera),12 (PG),Ron Jones,Q7841,Symbiosis,Q8756,Q9999
Final Mission,Q3127,fm,1995-02-08,1990-11-19,3,183,Corey Allen,Q2023,"Jeri Taylor,Kasey Arnold-Ince","Q4318,Q4811",Kasey Arnold-Ince,Q4811,83,4,Misión final,La dernière mission,L'ultima missione,Final Mission Aratanaru Tabidachi (Final Mission New Journey),Die letzte Mission,42 (U),Ron Jones,Q7841,Future Imperfect,Q3259,Q9172
The Royale,Q9234,ro,1994-12-19,1989-03-27,3,138,Cliff Bole,Q1941,,,Keith Mills,,38,2,,Hôtel Royal,Hotel Royale,Hotel Royale no Nazo (Mystery of Hotel Royale),Hotel Royale,19 (U),Ron Jones,Q7841,Contagion,Q2010,Q9375
The Battle,Q9065,ba,1991-08-29,1987-11-16,3,110,Rob Bowman,Q7704,Herbert J. Wright,Q3764,Larry Forrester,Q5250,9,1,La batalla,La bataille,La battaglia,Fukushu no Ferengi-seijin (Revengeful Ferengi),Die Schlacht von Maxia (La battaglia di Maxia),5 (PG),Ron Jones,Q7841,Justice,Q4709,Q3778
The Outrageous Okona,Q9208,ok,1994-12-09,1988-12-12,1,130,Robert Becker,Q7711,Burton Armus,Q1505,"Les Menchen,Lance Dickson,David Landsberg","Q5379,Q5218,Q2313",30,2,El escándalo Okona,Okona le magnifique,Okona l'immorale,Muhoumono Okona (Outrageous Okona),Der unmögliche Captain Okona (L'impossibile Capitano Okona),15 (U),Ron Jones,Q7841,"Elementary, Dear Data",Q2805,Q5533
First Contact (episodio),Q3137,fc,1995-02-15,1991-02-16,4,189,Cliff Bole,Q1941,"David Bischoff,Ronald D. Moore,Michael Piller,Joe Menosky","Q2278,Q7854,Q6295,Q4422",Marc Scott Zicree,Q5898,89,4,Primer contacto,Premier contact,Primo contatto,First Contact,Erster Kontakt,45 (PG),Ron Jones,Q7841,Clues,Q1957,Q3289
Shades of Gray,Q8168,sg,1994-12-30,1989-07-17,7,148,Rob Bowman,Q7704,"Hans Beimler,Richard Manning,Maurice Hurley","Q3651,Q7635,Q6102",Maurice Hurley,Q6102,48,2,,Au seuil de la mort,Ombre dal passato,Akumu no Hate ni (In the End of Nightmare),Kraft der Träume (Il potere dei sogni),24 (PG),Ron Jones,Q7841,Peak Performance,Q7076,Q3025
Q Who?,Q7321,qw,1994-12-23,1989-05-08,4,142,Rob Bowman,Q7704,,,Maurice Hurley,Q6102,42,2,,Docteur Q,Chi è Q?,Mugen no Dai-uchu (Infinite Universe),Zeitsprung mit Q (Salto temporale con Q),21 (U),Ron Jones,Q7841,Pen Pals,Q7091,Q7989
The Neutral Zone,Q9196,nz,1997-04-01,1988-05-16,7,126,James L. Conway,Q4126,Maurice Hurley,Q6102,"Maurice Hurley,Deborah McIntyre,Mona Clee","Q6102,Q2403,Q6445",26,1,La zona neutral,La zone neutre,La zona neutrale,Totsuzen no Houmonsha (Suddenly Visitor),Die neutrale Zone (La zona neutrale),13 (PG),Ron Jones,Q7841,Conspiracy,Q2006,Q9082
The High Ground,Q9148,hi,1995-01-12,1990-01-29,3,160,Gabrielle Beaumont,Q3276,,,Melinda M. Snodgrass,Q6174,60,3,Una causa noble,Les hautes terres,I terroristi di Rutia,Ijigen Terrorist (Another Dimension Terrorist),Terror auf Rutia Vier,30 (PG),Ron Jones,Q7841,The Hunted,Q9152,Q2429
Up The Long Ladder,Q9737,ul,1994-12-26,1989-05-22,5,144,Winrich Kolbe,Q10098,,,Melinda M. Snodgrass,Q6174,44,2,,Nouvel échelon,L'avventura del <i>Mariposa</i>,Aratanaru Ibuki (New Breath),Der Planet der Klone (Il pianeta dei cloni),22 (PG),Ron Jones,Q7841,Samaritan Snare,Q7989,Q5871
Lonely Among Us,Q5501,la,1991-08-15,1987-11-02,2,108,Cliff Bole,Q1941,Dorothy Catherine Fontana,Q2641,Michael Halperin,Q6262,7,1,Soledad en compañía,Le solitaire,Solo in mezzo a noi,Sugata-naki Uchu-jin (Non-figure Alien),Die geheimnisvolle Kraft (La forza misteriosa),4 (PG),Ron Jones,Q7841,Where No One Has Gone Before,Q10026,Q4709
The Best of Both Worlds - Part I,Q9068,bb,1995-01-27,1990-06-18,7,174,Cliff Bole,Q1941,,,Michael Piller,Q6295,74,3,"Lo mejor de dos mundos, parte I",Le meilleur des deux mondes I,L'attacco dei Borg - Prima parte,Fuyu Kikai-toshi Borg (Floating Mechanical City Borg),In den Händen der Borg,37 (PG),Ron Jones,Q7841,Transfigurations,Q9580,Q9069
The Best of Both Worlds - Part II,Q9069,b2,1995-01-28,1990-09-24,1,175,Cliff Bole,Q1941,,,Michael Piller,Q6295,75,4,"Lo mejor de dos mundos, parte II",Le meilleur des deux mondes II,L'attacco dei Borg - Seconda parte,Fuyu Kikai-toshi Borg (Floating Mechanical City Borg),Angriffsziel Erde,38 (PG),Ron Jones,Q7841,The Best of Both Worlds - Part I,Q9068,Q3071
Evolution,Q3025,ev,1995-01-02,1989-09-25,1,150,Winrich Kolbe,Q10098,Michael Piller,Q6295,"Michael Piller,Michael Wagner","Q6295,Q6313",49,3,Evolución,Evolution,Evoluzione,Shinka no Kokuin (Mark of Evolution),Die Macht der Naniten,25 (PG),Ron Jones,Q7841,Shades of Gray,Q8168,Q9121
Booby Trap,Q1314,bt,1995-01-06,1989-10-30,2,154,Gabrielle Beaumont,Q3276,"Richard Danus,Michael Piller,Ron Roman","Q7611,Q6295,Q7847","Michael Wagner,Ron Roman","Q6313,Q7847",54,3,Trampa,Pièges,Trappola spaziale,Menthar-seijin no Wana (Menthar's Trap),Die Energiefalle,27 (PG),Ron Jones,Q7841,The Bonding,Q9072,Q9119
The Offspring,Q9204,of,1995-01-17,1990-03-12,4,164,Jonathan Frakes,Q53,,,René Echevarria,Q7544,64,3,La descendencia,Paternité,La figlia di Data,Andoroid no Mezame (Android's Awakening),Datas Nachkomme,32 (PG),Ron Jones,Q7841,Yesterday's Enterprise,Q10167,Q8296
Brothers,Q1453,br,1995-02-03,1990-10-08,1,177,Rob Bowman,Q7704,,,Rick Berman,Q7652,77,4,Hermanos,Les frères,Fratelli,Eien no Kizuna (Eternal Bond),Die ungleichen Brüder,39 (PG),Ron Jones,Q7841,Family,Q3071,Q8699
Datalore,Q2256,da,1992-08-03,1988-01-18,4,114,Rob Bowman,Q7704,"Robert Lewin,Gene Roddenberry","Q7756,Q3396","Robert Lewin,Maurice Hurley","Q7756,Q6102",13,1,Datalore,Data et Lore,Datalore,Android no Uragiri (Android's Betrayal),Das Duplikat (Il duplicato),7 (PG),Ron Jones,Q7841,The Big Goodbye,Q9071,Q442
11001001,Q109,oo,1992-08-24,1988-02-01,4,116,Paul Lynch,Q7029,,,"Robert Lewin,Maurice Hurley","Q7756,Q6102",15,1,Números binarios,11001001,1001001,Nusumareta Enterprise (Stolen Enterprise),11001001,8 (PG),Ron Jones,Q7841,Angel One,Q442,Q9512
The Defector,Q9104,df,1995-01-31,1989-12-30,3,158,Robert Scheerer,Q7770,,,Ronald D. Moore,Q7854,58,3,El traidor,Le transfuge,Il traditore,Boumei-sha (Defector),Der Überläufer,29 (PG),Ron Jones,Q7841,The Vengeance Factor,Q9277,Q9152
Night Terrors,Q6699,nt,1995-02-17,1991-03-18,5,191,Les Landau,Q5378,"Jeri Taylor,Pamela Douglas","Q4318,Q6934",Shari Goodhartz,Q8188,91,4,Terrores nocturnos,Terreurs nocturnes,Terrori notturni,Nazo-meita Kyouki (Enigmatic Madness),Augen in der Dunkelheit,46 (PG),Ron Jones,Q7841,Galaxy's Child,Q3289,Q3868
The Emissary,Q9115,em,1994-12-28,1989-06-26,5,146,Cliff Bole,Q1941,"Hans Beimler,Richard Manning","Q3651,Q7635",Thomas H. Calder,Q9320,46,2,,L'émissaire,L'emissario,Ai no Shisha (Emissary of Love),Klingonenbegegnung (Incontro di Klingon),23 (PG),Ron Jones,Q7841,Manhunt,Q5871,Q7076
Devil's Due,Q2504,dv,1995-02-13,1991-02-04,4,187,Tom Benko,Q9447,Philip LaZebnik,Q7171,"William Douglas Lansford,Philip LaZebnik","Q10053,Q7171",87,4,La regreso del Diablo,Le tribut du démon,Il diavolo,Akuma no Keiyaku (Devil's Contract),Der Pakt mit dem Teufel,44 (PG),Ron Jones,Q7841,The Wounded,Q9292,Q1957